dtheta0,Nx,Ny,EIL2,delta,Energy
16.8737663630127,-86.14228285782875,3.0561825808248226,1.0,1.0,56.13357596821671
16.865304438451957,-85.99940444515573,5.825377251120275,1.0,1.0,56.13363015550196
16.856831370956712,-85.85652603248272,7.647825600612857,1.0,1.0,56.13364444258354
16.848352441056942,-85.7136476198097,9.109962220629116,1.0,1.0,56.133635689539865
16.83987204581705,-85.57076920713669,10.36737304090136,1.0,1.0,56.13368042814367
16.831384344580243,-85.42789079446369,11.484973304012177,1.0,1.0,56.13367233639678
16.822892845485185,-85.28501238179068,12.501622991141668,1.0,1.0,56.133672760505384
16.814397288895798,-85.14213396911768,13.440160530642094,1.0,1.0,56.1336772437171
16.805897558192136,-84.99925555644467,14.315920519535858,1.0,1.0,56.13368384982325
16.797393594278137,-84.85637714377165,15.139784382039188,1.0,1.0,56.13369164965868
16.78888536312192,-84.71349873109864,15.919802928114732,1.0,1.0,56.13370015758201
16.78037284304475,-84.57062031842563,16.66213062896161,1.0,1.0,56.133709104411665
16.771856018111436,-84.42774190575263,17.37159766799559,1.0,1.0,56.13371833665076
16.763339702149228,-84.28486349307961,18.052836795064085,1.0,1.0,56.13379252686678
16.75481365517593,-84.14198508040661,18.707371975454997,1.0,1.0,56.13379430505914
16.74628337237291,-83.9991066677336,19.338729243546098,1.0,1.0,56.13379749720008
16.737748824224564,-83.85622825506059,19.949105659169753,1.0,1.0,56.13380178878362
16.72920998710046,-83.71334984238757,20.540369060450644,1.0,1.0,56.13380694666727
16.72066684133139,-83.57047142971456,21.114123249416213,1.0,1.0,56.13381279436258
16.712119370726256,-83.42759301704156,21.671757506166536,1.0,1.0,56.13381920012082
16.70356756094675,-83.28471460436855,22.214484724022498,1.0,1.0,56.13382605995797
16.69501139932131,-83.14183619169555,22.74337128909598,1.0,1.0,56.133833292908314
16.68645087449829,-82.99895777902253,23.25936074009194,1.0,1.0,56.13384083527327
16.677885975875647,-82.85607936634952,23.76329272430388,1.0,1.0,56.13384863518887
16.669316693649513,-82.7132009536765,24.255918364503778,1.0,1.0,56.13385665127439
16.66074301853676,-82.57032254100349,24.737912812600147,1.0,1.0,56.13386484949929
16.652164941738135,-82.42744412833049,25.20988560575068,1.0,1.0,56.13387320243532
16.643582454645266,-82.28456571565748,25.672389270247134,1.0,1.0,56.133881686425305
16.63499554909556,-82.14168730298448,26.125926537636115,1.0,1.0,56.13389028274914
16.626404216972045,-81.99880889031147,26.57095641117518,1.0,1.0,56.13389897488989
16.617808450397845,-81.85593047763845,27.00789932837394,1.0,1.0,56.13390774925821
16.609208241633034,-81.71305206496544,27.437141556516785,1.0,1.0,56.13391659422988
16.60060358307418,-81.57017365229243,27.859038966770598,1.0,1.0,56.13392550023506
16.59199446710547,-81.42729523961941,28.27392028544057,1.0,1.0,56.13393445839305
16.583380886261207,-81.28441682694641,28.682089916755334,1.0,1.0,56.13394346149895
16.574762833100973,-81.14153841427341,29.083830393327336,1.0,1.0,56.133952503220776
16.56614030023818,-80.9986600016004,29.479404521063966,1.0,1.0,56.13396157806774
16.557513280316286,-80.85578158892739,29.86905725905705,1.0,1.0,56.13397068122857
16.548881765998964,-80.71290317625437,30.25301737592878,1.0,1.0,56.13397980849029
16.540245749964857,-80.57002476358136,30.631498913220945,1.0,1.0,56.13398895614974
16.531605224914475,-80.42714635090834,31.004702482999317,1.0,1.0,56.13399812088187
16.522960183573776,-80.28426793823535,31.37281642211667,1.0,1.0,56.13400729992578
16.514310618644675,-80.14138952556233,31.736017820673034,1.0,1.0,56.13401649063184
16.505656522853744,-79.99851111288933,32.09447344367974,1.0,1.0,56.1340256908184
16.496997888890764,-79.85563270021632,32.44834055658477,1.0,1.0,56.1340348982699
16.4883347095023,-79.7127542875433,32.797767669459304,1.0,1.0,56.13404411133345
16.47966697737419,-79.56987587487029,33.142895204706996,1.0,1.0,56.13405332829269
16.470994685224206,-79.42699746219728,33.48385610419764,1.0,1.0,56.13406254774563
16.46231782572861,-79.28411904952428,33.820776375959966,1.0,1.0,56.13407176829295
16.45363639158854,-79.14124063685126,34.153775592845854,1.0,1.0,56.13408098882338
16.444950375474857,-78.99836222417827,34.482967344166994,1.0,1.0,56.13409020825219
16.436259770035583,-78.85548381150525,34.80845964790678,1.0,1.0,56.13409942553119
16.42756456793206,-78.71260539883224,35.130355328249834,1.0,1.0,56.13410863981604
16.418864761800094,-78.56972698615922,35.44875235877832,1.0,1.0,56.134117850318674
16.410160344256433,-78.42684857348621,35.76374417829055,1.0,1.0,56.13412705626375
16.401451307910992,-78.28397016081321,36.075419980487986,1.0,1.0,56.13413625701594
16.392737645353915,-78.1410917481402,36.38386498003508,1.0,1.0,56.134145451935005
16.38401934916765,-77.99821333546718,36.68916065772344,1.0,1.0,56.13415464049241
16.375296411904785,-77.85533492279419,36.99138498604567,1.0,1.0,56.13416382212384
16.366568826107024,-77.71245651012117,37.290612638237356,1.0,1.0,56.134172996367425
16.357836584303243,-77.56957809744816,37.586915181069116,1.0,1.0,56.134182162786004
16.34909967900483,-77.42669968477514,37.880361253597655,1.0,1.0,56.134191320992386
16.340358102707338,-77.28382127210214,38.171016732617645,1.0,1.0,56.13420047064313
16.33161184786875,-77.14094285942913,38.458944886298205,1.0,1.0,56.13420961130146
16.322860906954755,-76.99806444675612,38.74420651749026,1.0,1.0,56.134218742721764
16.314105272406348,-76.85518603408312,39.02686009656077,1.0,1.0,56.13422786461545
16.305344936632512,-76.7123076214101,39.30696188487435,1.0,1.0,56.13423697667667
16.2965798920372,-76.56942920873709,39.58456605089726,1.0,1.0,56.1342460786657
16.287810130998025,-76.42655079606408,39.85972477770131,1.0,1.0,56.13425517033632
16.27903564587665,-76.28367238339108,40.132488363829665,1.0,1.0,56.13426425147508
16.270256429015134,-76.14079397071806,40.40290531769319,1.0,1.0,56.13427332189318
16.26147247273408,-75.99791555804505,40.67102244582349,1.0,1.0,56.13428238137501
16.252683769336205,-75.85503714537205,40.93688493565382,1.0,1.0,56.13429142975654
16.24389031110425,-75.71215873269904,41.20053643315555,1.0,1.0,56.13430046687407
16.23509209029643,-75.56928032002602,41.462019115736794,1.0,1.0,56.13430949255027
16.226289099158457,-75.42640190735301,41.72137376098894,1.0,1.0,56.134318506664364
16.217481329915394,-75.28352349468001,41.978639810938496,1.0,1.0,56.1343275090958
16.20866877475953,-75.140645082007,42.233855432715586,1.0,1.0,56.13433649967195
16.199851425874456,-74.99776666933398,42.48705757595754,1.0,1.0,56.13434547828835
16.19102927542303,-74.85488825666098,42.738282026623224,1.0,1.0,56.134354444848434
16.182202315539257,-74.71200984398797,42.98756345778181,1.0,1.0,56.13436339922995
16.1733705383451,-74.56913143131496,43.23493547787864,1.0,1.0,56.13437234134564
16.164533935934518,-74.42625301864194,43.480430675923,1.0,1.0,56.134381271085516
16.155692500381743,-74.28337460596893,43.724080664596094,1.0,1.0,56.134390188364
16.14684622374591,-74.14049619329593,43.96591612085974,1.0,1.0,56.13439909311626
16.13799509805454,-73.99761778062292,44.205966824349225,1.0,1.0,56.134407985237196
16.129139115323074,-73.85473936794992,44.44426169401137,1.0,1.0,56.134416864670825
16.120278267538158,-73.7118609552769,44.6808288224973,1.0,1.0,56.13442573133513
16.111412546670643,-73.56898254260389,44.915695509139624,1.0,1.0,56.134434585183186
16.102541944664676,-73.42610412993088,45.14888829101498,1.0,1.0,56.13444342612979
16.093666453445028,-73.28322571725786,45.38043297254032,1.0,1.0,56.13445225412893
16.08478606491412,-73.14034730458486,45.61035465363035,1.0,1.0,56.134461069119475
16.07590077095082,-72.99746889191185,45.83867775640929,1.0,1.0,56.13446987104603
16.067010563410673,-72.85459047923884,46.065426050710016,1.0,1.0,56.13447865984141
16.058115434135296,-72.71171206656584,46.2906226783285,1.0,1.0,56.134487435492986
16.049215374932484,-72.56883365389282,46.51429017598633,1.0,1.0,56.13449619792995
16.040310377594373,-72.42595524121981,46.73645049747875,1.0,1.0,56.13450494711112
16.03140043389137,-72.2830768285468,46.957125034601226,1.0,1.0,56.13451368301265
16.022485535564073,-72.1401984158738,47.176334637124015,1.0,1.0,56.13452240556956
16.013565674334686,-71.99732000320078,47.39409963195942,1.0,1.0,56.13453111474989
16.004640841906877,-71.85444159052777,47.61043984143856,1.0,1.0,56.13453981053301
15.995711029954805,-71.71156317785477,47.82537460065661,1.0,1.0,56.134548492873144
15.986776230128692,-71.56868476518176,48.03892277417865,1.0,1.0,56.13455716173254
15.977836434064013,-71.42580635250874,48.25110277204114,1.0,1.0,56.134565817097396
15.968891633362748,-71.28292793983573,48.46193256487228,1.0,1.0,56.134574458918195
15.959941819609707,-71.14004952716273,48.67142969861341,1.0,1.0,56.13458308717477
15.950986984366573,-70.99717111448972,48.879611308424806,1.0,1.0,56.13459170184815
15.942027119166653,-70.8542927018167,49.0864941320829,1.0,1.0,56.134600302902754
15.933062215522213,-70.7114142891437,49.292094522807055,1.0,1.0,56.134608890308854
15.924092264924884,-70.56853587647069,49.496428461610506,1.0,1.0,56.13461746405844
15.915117258835883,-70.42565746379768,49.699511569010376,1.0,1.0,56.13462602411546
15.906137188699113,-70.28277905112466,49.901359116442585,1.0,1.0,56.13463457046749
15.89715204592854,-70.13990063845165,50.10198603703941,1.0,1.0,56.13464310308728
15.888161821915952,-69.99702222577865,50.30140693612659,1.0,1.0,56.13465162194903
15.879166508031581,-69.85414381310564,50.49963610123249,1.0,1.0,56.13466012704051
15.870166095619066,-69.71126540043264,50.69668751167575,1.0,1.0,56.13466861834972
15.861160575996566,-69.56838698775962,50.89257484788142,1.0,1.0,56.134677095852304
15.852149940458633,-69.42550857508661,51.08731150024758,1.0,1.0,56.134685559526474
15.843134180273621,-69.2826301624136,51.28091057768868,1.0,1.0,56.13469400935435
15.83411328669088,-69.13975174974058,51.47338491594641,1.0,1.0,56.134702445337105
15.825087250927998,-68.99687333706758,51.66474708542976,1.0,1.0,56.13471086744969
15.816056064178351,-68.85399492439457,51.855009398900016,1.0,1.0,56.13471927566716
15.807019717613953,-68.71111651172157,52.04418391882066,1.0,1.0,56.134727669986006
15.797978202379475,-68.56823809904856,52.23228246444508,1.0,1.0,56.13473605039435
15.788931509594892,-68.42535968637554,52.41931661863392,1.0,1.0,56.13474441687439
15.779879630353403,-68.28248127370253,52.60529773442481,1.0,1.0,56.134752769418306
15.770822555722166,-68.13960286102952,52.790236941402135,1.0,1.0,56.13476110799989
15.761760276748744,-67.99672444835652,52.9741451518466,1.0,1.0,56.134769432633036
15.752692784444571,-67.8538460356835,53.15703306656404,1.0,1.0,56.134777743281425
15.743620069805488,-67.71096762301049,53.33891118067348,1.0,1.0,56.13478603994881
15.73454212379501,-67.56808921033749,53.51978978905947,1.0,1.0,56.13479432261864
15.725458937350655,-67.42521079766448,53.6996789916901,1.0,1.0,56.134802591277385
15.71637050138958,-67.28233238499146,53.87858869881023,1.0,1.0,56.13481084592635
15.707276806795532,-67.13945397231845,54.05652863582436,1.0,1.0,56.13481908654149
15.69817784443081,-66.99657555964545,54.23350834813732,1.0,1.0,56.13482731312753
15.689073605129057,-66.85369714697244,54.409537205794585,1.0,1.0,56.134835525666816
15.67996407969732,-66.71081873429942,54.584624407946514,1.0,1.0,56.134843724152056
15.670849258918016,-66.56794032162642,54.75877898719229,1.0,1.0,56.1348519085824
15.661729133543048,-66.42506190895341,54.93200981377865,1.0,1.0,56.13486007893869
15.652603694301988,-66.2821834962804,55.10432559965757,1.0,1.0,56.13486823522322
15.643472931891916,-66.13930508360738,55.27573490240419,1.0,1.0,56.13487637741696
15.634336836986936,-65.99642667093438,55.446246129038904,1.0,1.0,56.13488450551952
15.625195400232576,-65.85354825826137,55.61586753971445,1.0,1.0,56.13489261951848
15.616048612248575,-65.71066984558836,55.78460725126217,1.0,1.0,56.134900719416926
15.606896463624455,-65.56779143291536,55.95247324067149,1.0,1.0,56.134908805200325
15.597738944924291,-65.42491302024234,56.11947334841544,1.0,1.0,56.134916876867045
15.588576046681593,-65.28203460756933,56.2856152817261,1.0,1.0,56.13492493439972
15.579407759407314,-65.13915619489632,56.450906617724534,1.0,1.0,56.13493297780916
15.570234073578982,-64.9962777822233,56.61535480648002,1.0,1.0,56.134941007075284
15.561054979648194,-64.8533993695503,56.77896717396669,1.0,1.0,56.13494902219421
15.551870468040084,-64.71052095687729,56.94175092493372,1.0,1.0,56.13495702316847
15.542680529148836,-64.56764254420429,57.103713145704944,1.0,1.0,56.134965009984434
15.533485153341706,-64.42476413153128,57.26486080686459,1.0,1.0,56.13497298264076
15.524284330956313,-64.28188571885826,57.425200765901,1.0,1.0,56.13498094112652
15.515078052303371,-64.13900730618525,57.58473976973829,1.0,1.0,56.1349888854432
15.505866307664533,-63.99612889351224,57.74348445722651,1.0,1.0,56.13499681558686
15.496649087290622,-63.853250480839236,57.90144136153083,1.0,1.0,56.135004731546786
15.487426379568301,-63.71037206816622,58.05861690818261,1.0,1.0,56.13501263182971
15.478235427692754,-63.567493655493216,58.21511475749634,1.0,1.0,56.13514900845059
15.469001537947527,-63.42461524282021,58.37074314712862,1.0,1.0,56.135156058140055
15.459762134987697,-63.281736830147196,58.52560893313505,1.0,1.0,56.13516310431406
15.450517208773562,-63.13885841747418,58.67971815326626,1.0,1.0,56.135170146414836
15.441266749353447,-62.995980004801176,58.83307675148421,1.0,1.0,56.13517718430274
15.432010746957163,-62.85310159212817,58.98569058144628,1.0,1.0,56.13518421815089
15.422749191317886,-62.710223179455156,59.137565409565724,1.0,1.0,56.135191247409516
15.413482072448609,-62.56734476678215,59.28870691365559,1.0,1.0,56.13519827189019
15.40420938048255,-62.424466354109136,59.43912068760729,1.0,1.0,56.13520529191411
15.394931104967355,-62.28158794143613,59.588812240905824,1.0,1.0,56.135212306496726
15.385647236006212,-62.138709528763115,59.73778700292776,1.0,1.0,56.13521931603437
15.376357763477852,-61.99583111609011,59.88605032191353,1.0,1.0,56.135226320400385
15.367062677044522,-61.8529527034171,60.03360746893048,1.0,1.0,56.13523331915797
15.357761966637403,-61.71007429074409,60.18046363751618,1.0,1.0,56.13524031241789
15.348455621874752,-61.567195878071075,60.326623946278104,1.0,1.0,56.13524729975109
15.339143632527911,-61.42431746539807,60.47209344036013,1.0,1.0,56.13525428131448
15.3298259881502,-61.28143905272506,60.61687709258496,1.0,1.0,56.13526125642793
15.320502678660374,-61.13856064005205,60.760979806624846,1.0,1.0,56.13526822550978
15.311173693539851,-60.99568222737904,60.90440641203939,1.0,1.0,56.1352751883294
15.301839022364115,-60.85280381470603,61.04716167800883,1.0,1.0,56.13528214464682
15.29249865477748,-60.70992540203302,61.18925030067851,1.0,1.0,56.13528909424375
15.283152580263565,-60.56704698936001,61.33067691193009,1.0,1.0,56.13529603722546
15.273800788250224,-60.424168576687,61.471446081906485,1.0,1.0,56.135302973183926
15.264443268317912,-60.281290164013996,61.61156231702236,1.0,1.0,56.135309902147
15.255080009802402,-60.13841175134098,61.751030059805984,1.0,1.0,56.13531682391336
15.245711002375264,-59.995533338667975,61.88985369535539,1.0,1.0,56.13532373885352
15.236336235048649,-59.85265492599496,62.028037547872955,1.0,1.0,56.13533064600917
15.22695569731297,-59.709776513321955,62.165585882041604,1.0,1.0,56.1353375457748
15.217569378611278,-59.56689810064894,62.302502908450684,1.0,1.0,56.135344438146895
15.208177268123421,-59.424019687975935,62.43879277888527,1.0,1.0,56.13535132285545
15.198779355039296,-59.28114127530293,62.574459590735636,1.0,1.0,56.13535819975683
15.189375628423306,-59.138262862629915,62.709507387706466,1.0,1.0,56.135365068442816
15.179966077795456,-58.9953844499569,62.84394016000406,1.0,1.0,56.13537192946742
15.17055069204054,-58.852506037283895,62.97776184571911,1.0,1.0,56.13537878226145
15.161129460463966,-58.70962762461089,63.11097633222376,1.0,1.0,56.13538562698308
15.151702372108923,-58.566749211937875,63.24358745600535,1.0,1.0,56.13539246348372
15.142269415919289,-58.42387079926487,63.37559900457273,1.0,1.0,56.13539929153997
15.132830580818423,-58.280992386591855,63.5070147150316,1.0,1.0,56.13540611106216
15.123385855999448,-58.13811397391885,63.63783828037473,1.0,1.0,56.135412922086694
15.11393523030639,-57.995235561245835,63.7680733436724,1.0,1.0,56.13541972442841
15.104478692626554,-57.85235714857283,63.897723503625194,1.0,1.0,56.13542651811626
15.095016231908792,-57.70947873589982,64.02679231277523,1.0,1.0,56.13543330300706
15.085547836946647,-57.56660032322681,64.15528327947582,1.0,1.0,56.13544007904659
15.076073496399973,-57.423721910553795,64.28319986846479,1.0,1.0,56.13544684589211
15.06659319935179,-57.28084349788079,64.41054550195344,1.0,1.0,56.13545360398814
15.05710693429132,-57.13796508520778,64.53732355975444,1.0,1.0,56.13546035271951
15.047614689953464,-56.99508667253477,64.66353737859315,1.0,1.0,56.13546709235018
15.038116455160262,-56.85220825986176,64.78919025727225,1.0,1.0,56.13547382275232
15.02861221830595,-56.709329847188755,64.91428545222554,1.0,1.0,56.13548054371086
15.019101968141769,-56.56645143451574,65.03882618155718,1.0,1.0,56.135487255335754
15.009585693156945,-56.42357302184273,65.16281562292338,1.0,1.0,56.135493957411406
15.00006338178948,-56.28069460916972,65.28625691856772,1.0,1.0,56.13550064979755
14.990535022775436,-56.137816196496715,65.40915317069525,1.0,1.0,56.135507332802206
14.981000604409358,-55.9949377838237,65.53150744670829,1.0,1.0,56.13551400600702
14.971460115065945,-55.852059371150695,65.65332277599865,1.0,1.0,56.13552066946361
14.961913543193857,-55.70918095847768,65.77460215120351,1.0,1.0,56.13552732313165
14.952360877128129,-55.566302545804675,65.89534853374398,1.0,1.0,56.135533966936926
14.942802105037114,-55.42342413313166,66.0155648462559,1.0,1.0,56.13554060076834
14.933237215271525,-55.280545720458655,66.13525398031804,1.0,1.0,56.13554722442824
14.923666196039859,-55.13766730778565,66.25441879254613,1.0,1.0,56.135553838029374
14.914089035721414,-54.994788895112634,66.37306210661687,1.0,1.0,56.13556044181318
14.904505722223512,-54.85191048243963,66.49118671376291,1.0,1.0,56.135567035240044
14.894916243693629,-54.709032069766614,66.60879537391604,1.0,1.0,56.13557361833301
14.885320588283724,-54.56615365709361,66.72589081442815,1.0,1.0,56.135580191211936
14.875718744078318,-54.423275244420594,66.8424757333095,1.0,1.0,56.13558675382964
14.86611069896712,-54.28039683174759,66.95855279584289,1.0,1.0,56.13559330602276
14.856496440876462,-54.137518419074574,67.0741246394035,1.0,1.0,56.135599847705656
14.846875957777034,-53.99464000640157,67.1891938704349,1.0,1.0,56.13560637890258
14.837249237633335,-53.851761593728554,67.30376306687958,1.0,1.0,56.13561289955689
14.827616268106652,-53.70888318105555,67.41783477813799,1.0,1.0,56.135619409454634
14.817977037283233,-53.56600476838254,67.5314115246824,1.0,1.0,56.135625909053715
14.808331532593602,-53.42312635570953,67.64449579947357,1.0,1.0,56.135632397623226
14.798679742031194,-53.28024794303652,67.75709006877784,1.0,1.0,56.135638875693346
14.78902165304454,-53.13736953036351,67.86919677028243,1.0,1.0,56.135645342714824
14.779357253457235,-52.9944911176905,67.98081831642148,1.0,1.0,56.13565179904358
14.769686530863424,-52.85161270501749,68.0919570930499,1.0,1.0,56.135658244496994
14.760009472698334,-52.70873429234448,68.20261546030207,1.0,1.0,56.13566467898112
14.750326066610363,-52.565855879671474,68.31279575184075,1.0,1.0,56.13567110254939
14.740636300101835,-52.42297746699846,68.42250027839813,1.0,1.0,56.13567751509499
14.730940160417607,-52.280099054325454,68.53173132313003,1.0,1.0,56.13568391652793
14.72123763518934,-52.13722064165244,68.6404911473505,1.0,1.0,56.13569030696177
14.711528711566249,-51.994342228979434,68.748781986162,1.0,1.0,56.13569668614877
14.701813377054357,-51.85146381630642,68.85660605414442,1.0,1.0,56.135703054272646
14.69209161884528,-51.708585403633414,68.96396553909216,1.0,1.0,56.13570941119619
14.68236342403165,-51.5657069909604,69.07086260713135,1.0,1.0,56.13571575668815
14.672628780116586,-51.422828578287394,69.17729940278605,1.0,1.0,56.13572209113361
14.662887673923288,-51.27995016561438,69.28327804613564,1.0,1.0,56.13572841406692
14.653140092741843,-51.137071752941374,69.38880063707526,1.0,1.0,56.1357347256289
14.643386023608688,-50.99419334026837,69.49386925306779,1.0,1.0,56.13574102582455
14.633625453522457,-50.851314927595354,69.59848594929508,1.0,1.0,56.13574731466681
14.623858369536476,-50.70843651492235,69.70265276110393,1.0,1.0,56.135753592084164
14.614084758447396,-50.565558102249334,69.80637170214186,1.0,1.0,56.135759857880295
14.604304607248462,-50.42267968957633,69.90964476543488,1.0,1.0,56.13576611223065
14.594517902637577,-50.279801276903314,70.0124739246127,1.0,1.0,56.1357723548949
14.58472463166909,-50.13692286423031,70.11486113242047,1.0,1.0,56.13577858608101
14.574924780830102,-49.99404445155729,70.21680832139678,1.0,1.0,56.13578480551454
14.565118337073471,-49.85116603888429,70.31831740615515,1.0,1.0,56.13579101346973
14.555305286848926,-49.70828762621128,70.41939028130014,1.0,1.0,56.13579720955105
14.545485616857377,-49.56540921353827,70.52002882135388,1.0,1.0,56.135803393920035
14.53565931380025,-49.42253080086526,70.62023488367691,1.0,1.0,56.13580956661092
14.52582636408924,-49.27965238819225,70.72001030658716,1.0,1.0,56.13581572748908
14.515986754173992,-49.13677397551924,70.81935690997341,1.0,1.0,56.135821876473905
14.506140470623116,-48.99389556284623,70.918276496158,1.0,1.0,56.13582801377816
14.496287499737997,-48.85101715017322,71.01677084921894,1.0,1.0,56.135834139087756
14.486427827881212,-48.70813873750021,71.11484173591174,1.0,1.0,56.135840252554765
14.476561441388183,-48.5652603248272,71.2124909059235,1.0,1.0,56.13584635411446
14.466688326406032,-48.422381912154194,71.30972009120883,1.0,1.0,56.13585244359897
14.456808469314595,-48.27950349948118,71.406531007713,1.0,1.0,56.13585852120922
14.446921856161975,-48.13662508680817,71.50292535435561,1.0,1.0,56.13586458674763
14.437028473080947,-47.99374667413516,71.59890481268737,1.0,1.0,56.135870640299764
14.427128306159705,-47.85086826146215,71.69447105004807,1.0,1.0,56.13587668178934
14.417221341375786,-47.70798984878914,71.78962571570129,1.0,1.0,56.13588271115089
14.407307565453866,-47.56511143611613,71.8843704430082,1.0,1.0,56.13588873061562
14.397387008176326,-47.42223302344312,71.97870718559336,1.0,1.0,56.13589447186165
14.387436457872818,-47.27935461077011,72.07272103309703,1.0,1.0,56.13582569464787
14.387436457872818,-47.27935461077011,72.07272103309703,1.0,1.0,56.13582569464787
14.368736743260934,-47.01048404783585,72.2483854452561,1.0,1.0,56.135835685952415
14.35001234961951,-46.74161348490159,72.42262338741568,1.0,1.0,56.13584738993168
14.331263491857763,-46.47274292196733,72.59544733920727,1.0,1.0,56.13585904188089
14.312490073832603,-46.20387235903307,72.766867375121,1.0,1.0,56.13587064221385
14.293691998771308,-45.93500179609881,72.93689339384262,1.0,1.0,56.13588219093281
14.27486916926555,-45.66613123316455,73.10553512182894,1.0,1.0,56.13589368805152
14.256021487262437,-45.39726067023029,73.2728021171951,1.0,1.0,56.13590513356835
14.237148854060163,-45.12839010729603,73.43870377339545,1.0,1.0,56.13591652748637
14.218251170301672,-44.85951954436177,73.60324932286532,1.0,1.0,56.13592786980979
14.199328335969277,-44.590648981427506,73.76644784053664,1.0,1.0,56.13593916053841
14.180380250378398,-44.321778418493246,73.92830824723053,1.0,1.0,56.13595039968139
14.161406812168718,-44.052907855558985,74.08883931300251,1.0,1.0,56.13596158723256
14.142407919302737,-43.784037292624724,74.24804966033062,1.0,1.0,56.13597272320124
14.123383469055144,-43.51516672969046,74.40594776726536,1.0,1.0,56.135983807586555
14.104333358007263,-43.246296166756196,74.56254197045511,1.0,1.0,56.13599484038898
14.085257482042469,-42.97742560382194,74.71784046809961,1.0,1.0,56.136005821615036
14.066155736336434,-42.708555040887674,74.8718513228455,1.0,1.0,56.136016751255404
14.047028015354464,-42.43968447795342,75.02458246453604,1.0,1.0,56.13602762931734
14.027874212839333,-42.17081391501915,75.17604169294954,1.0,1.0,56.136038455804744
14.008694221809897,-41.90194335208489,75.32623668045915,1.0,1.0,56.13604923070955
13.989487934551256,-41.63307278915063,75.47517497455051,1.0,1.0,56.136059954040064
13.970255242606337,-41.36420222621637,75.62286400035612,1.0,1.0,56.13607062579525
13.950996036772665,-41.09533166328211,75.76931106309581,1.0,1.0,56.13608124596988
13.93177940319257,-40.82646110034785,75.91413784125658,1.0,1.0,56.13632713998038
13.912466707917991,-40.55759053741359,76.05812166868085,1.0,1.0,56.13633516480327
13.89312677779322,-40.28871997447933,76.2008829347221,1.0,1.0,56.13634442118401
13.873759898549217,-40.01984941154507,76.3424303317392,1.0,1.0,56.13635367070457
13.85436595032587,-39.750978848610806,76.48277062878668,1.0,1.0,56.13636288714473
13.834944819418274,-39.482108285676546,76.62191045855157,1.0,1.0,56.13637207097396
13.815496390879435,-39.213237722742285,76.75985634805981,1.0,1.0,56.136381221502646
13.79602054930142,-38.944367159808024,76.89661472101987,1.0,1.0,56.13639033871299
13.77651717833133,-38.675496596873764,77.03219190298601,1.0,1.0,56.136399422280995
13.756986160991968,-38.4066260339395,77.16659411842033,1.0,1.0,56.13640847209332
13.737427379010924,-38.13775547100524,77.29982749514514,1.0,1.0,56.13641748768868
13.717840713821653,-37.86888490807098,77.43189806685503,1.0,1.0,56.136426469139586
13.698226045524057,-37.60001434513672,77.56281177239504,1.0,1.0,56.1364354159518
13.678583253692539,-37.33114378220246,77.69257445927445,1.0,1.0,56.136444328014285
13.658912217131814,-37.0622732192682,77.82119188441735,1.0,1.0,56.13645320531259
13.639212813411426,-36.79340265633394,77.94866971701424,1.0,1.0,56.13646204756594
13.619484919231708,-36.52453209339968,78.07501353839429,1.0,1.0,56.136470854463475
13.599728410772686,-36.25566153046542,78.2002288443067,1.0,1.0,56.136479625751726
13.579943162925098,-35.98679096753116,78.32432104639595,1.0,1.0,56.136488361428164
13.56012905011831,-35.717920404596896,78.44729547449285,1.0,1.0,56.13649706135833
13.540285945154768,-35.44904984166263,78.5691573762887,1.0,1.0,56.13650572508591
13.520413720659024,-35.180179278728374,78.68991191996398,1.0,1.0,56.13651435267698
13.500512247924613,-34.91130871579411,78.8095641956443,1.0,1.0,56.136522943994144
13.480581397355111,-34.64243815285985,78.92811921499236,1.0,1.0,56.136531498840114
13.460621038234788,-34.373567589925585,79.04558191594688,1.0,1.0,56.13654001676661
13.440631039366258,-34.10469702699133,79.16195715982893,1.0,1.0,56.13654849823075
13.420611268022686,-33.835826464057064,79.27724973492631,1.0,1.0,56.13655694251912
13.400561590722486,-33.56695590112281,79.39146435831042,1.0,1.0,56.13656534977663
13.380481873034613,-33.29808533818854,79.50460567452159,1.0,1.0,56.13657371972988
13.36037197953011,-33.02921477525428,79.61667825950691,1.0,1.0,56.13658205238071
13.340231773670979,-32.76034421232002,79.72768661949783,1.0,1.0,56.136590347598165
13.320061117829226,-32.49147364938576,79.83763519373817,1.0,1.0,56.136598605097134
13.299859873534182,-32.2226030864515,79.94652835397812,1.0,1.0,56.136606824965476
13.279627901027546,-31.95373252351724,80.054370406885,1.0,1.0,56.136615006874905
13.259365059698515,-31.684861960582978,80.16116559481924,1.0,1.0,56.13662315080389
13.239071207690492,-31.415991397648718,80.2669180946708,1.0,1.0,56.13663125665476
13.218746202212625,-31.147120834714457,80.3716320235822,1.0,1.0,56.136639324303985
13.198389899246683,-30.878250271780196,80.47531143440534,1.0,1.0,56.13664735375524
13.178002153714958,-30.609379708845935,80.57796032024748,1.0,1.0,56.13665534468528
13.157582819486086,-30.340509145911675,80.67958261473701,1.0,1.0,56.1366632972841
13.137131749181274,-30.071638582977414,80.78018219114232,1.0,1.0,56.136671211197815
13.116648794261483,-29.802768020043153,80.87976286651201,1.0,1.0,56.13667908643424
13.09613380511451,-29.533897457108893,80.9783283991124,1.0,1.0,56.13668692299259
13.075586630932078,-29.265026894174632,81.0758824912187,1.0,1.0,56.13669472063013
13.055007119713183,-28.99615633124037,81.17242878822246,1.0,1.0,56.13670247936098
13.034395118263133,-28.72728576830611,81.2679708831232,1.0,1.0,56.13671019901088
13.013750472143888,-28.45841520537185,81.36251231239744,1.0,1.0,56.13671787975154
12.993073025796205,-28.18954464243759,81.45605656050193,1.0,1.0,56.136725521257375
12.972362622175929,-27.92067407950333,81.54860705826678,1.0,1.0,56.136733123568945
12.951619103277805,-27.651803516569064,81.64016718601141,1.0,1.0,56.136740686671345
12.930842309646481,-27.382932953634803,81.7307402714585,1.0,1.0,56.13674821028772
12.910032080511064,-27.114062390700543,81.82032959217338,1.0,1.0,56.136755694515244
12.889188254147815,-26.845191827766282,81.90893837647032,1.0,1.0,56.136763139379795
12.868310666931203,-26.57632126483202,81.99656980253098,1.0,1.0,56.13677054464866
12.847399154470285,-26.30745070189776,82.08322700010449,1.0,1.0,56.13677791034278
12.82645355078152,-26.0385801389635,82.16891305303173,1.0,1.0,56.13678523651551
12.805473688457125,-25.76970957602924,82.25363099447742,1.0,1.0,56.13679252294609
12.784459398850453,-25.50083901309498,82.33738381320984,1.0,1.0,56.136799769721975
12.763410511930477,-25.231968450160718,82.42017445085861,1.0,1.0,56.13680697672722
12.742326856053205,-24.963097887226457,82.5020058051272,1.0,1.0,56.136814143929605
12.721208258488142,-24.694227324292196,82.5828807262201,1.0,1.0,56.13682127124517
12.700054544822743,-24.425356761357936,82.6628020213744,1.0,1.0,56.136828358808515
12.678865539267829,-24.156486198423675,82.74177245470199,1.0,1.0,56.136835406540314
12.657641064560178,-23.887615635489414,82.81979474526408,1.0,1.0,56.13684241427595
12.63638094195089,-23.61874507255515,82.89687157105767,1.0,1.0,56.13684938209434
12.6150849911542,-23.34987450962089,82.97300556598647,1.0,1.0,56.136856309976366
12.5937530303222,-23.08100394668663,83.04819932321351,1.0,1.0,56.136863197751666
12.57238487632196,-22.812133383752368,83.12245539418433,1.0,1.0,56.136870045714595
12.550980344124378,-22.543262820818107,83.19577628972816,1.0,1.0,56.13687685353222
12.529539247244868,-22.274392257883846,83.26816447961069,1.0,1.0,56.136883621299845
12.50806139777978,-22.005521694949586,83.33962239582338,1.0,1.0,56.13689034915496
12.48654660584224,-21.736651132015325,83.41015242753792,1.0,1.0,56.13689703687441
12.464994680271975,-21.467780569081064,83.4797569267326,1.0,1.0,56.13690368459483
12.44340542795524,-21.198910006146804,83.54843820752228,1.0,1.0,56.1369102922129
12.421778654329684,-20.930039443212543,83.61619854358709,1.0,1.0,56.13691685975056
12.400114163097125,-20.661168880278282,83.68304017314492,1.0,1.0,56.13692338727066
12.378411756128262,-20.39229831734402,83.74896529493688,1.0,1.0,56.136929874872976
12.356671233630564,-20.12342775440976,83.81397607213336,1.0,1.0,56.13693632224568
12.334892393962381,-19.8545571914755,83.87807463078573,1.0,1.0,56.136942729622525
12.313075033941573,-19.58568662854124,83.941263060353,1.0,1.0,56.136949097076965
12.29121894832379,-19.31681606560698,84.00354341497848,1.0,1.0,56.13695542449103
12.269323930070778,-19.047945502672714,84.06491771241504,1.0,1.0,56.13696171192718
12.247389770424956,-18.779074939738454,84.12538793591908,1.0,1.0,56.136967959291496
12.225416258755226,-18.510204376804193,84.1849560338571,1.0,1.0,56.13697416683359
12.203403182387385,-18.241333813869932,84.24362391986926,1.0,1.0,56.136980334411945
12.181350326728772,-17.97246325093567,84.30139347316889,1.0,1.0,56.136986462098186
12.159257475383123,-17.70359268800141,84.35826653935293,1.0,1.0,56.13699254986551
12.13712440997854,-17.43472212506715,84.41424493046607,1.0,1.0,56.136998597827095
12.114950909978836,-17.16585156213289,84.46933042617756,1.0,1.0,56.137004606006045
12.092736753074005,-16.89698099919863,84.52352477054758,1.0,1.0,56.137010574402275
12.070481714705826,-16.628110436264368,84.57682967802104,1.0,1.0,56.13701650310962
12.048185568198718,-16.359239873330107,84.62924682884129,1.0,1.0,56.13702239211218
12.025848085010448,-16.090369310395847,84.68077787142451,1.0,1.0,56.13702824144603
12.003469034326537,-15.821498747461586,84.73142442282234,1.0,1.0,56.13703405122135
11.981048183219448,-15.552628184527325,84.78118806784623,1.0,1.0,56.137039821462395
11.958585296450849,-15.283757621593065,84.83007036123773,1.0,1.0,56.13704555221773
11.936080136725527,-15.0148870586588,84.8780728242355,1.0,1.0,56.13705124347946
11.913532464493588,-14.74601649572454,84.92519695059372,1.0,1.0,56.13705689546914
11.890942037857899,-14.477145932790279,84.97144420066466,1.0,1.0,56.13706250813441
11.868308612670468,-14.208275369856018,85.01681600577436,1.0,1.0,56.137068081492906
11.845631942443571,-13.939404806921758,85.06131376689463,1.0,1.0,56.1370736156906
11.82291177834831,-13.670534243987497,85.1049388548747,1.0,1.0,56.13707911077795
11.800147869062304,-13.401663681053236,85.14769261203078,1.0,1.0,56.137084566843036
11.77733996091828,-13.132793118118975,85.18957634915832,1.0,1.0,56.13708998388556
11.754487797844854,-12.863922555184715,85.23059134986445,1.0,1.0,56.13709536211307
11.731591121110586,-12.595051992250454,85.27073886746504,1.0,1.0,56.13710070152284
11.708649669577639,-12.326181429316193,85.3100201269576,1.0,1.0,56.137106002115125
11.68566317966897,-12.057310866381933,85.34843632386657,1.0,1.0,56.13711126421861
11.662631384849895,-11.788440303447672,85.38598862691421,1.0,1.0,56.137116487739775
11.639554016246864,-11.519569740513411,85.42267817465415,1.0,1.0,56.13712167279085
11.616430802153921,-11.25069917757915,85.45850607931766,1.0,1.0,56.137126819421866
11.593261468365958,-10.98182861464489,85.4934734240675,1.0,1.0,56.137131927919015
11.570045737717095,-10.712958051710629,85.52758126406998,1.0,1.0,56.13713699820892
11.546783330338547,-10.444087488776368,85.56083062774705,1.0,1.0,56.137142030487276
11.523473963483529,-10.175216925842108,85.59322251562452,1.0,1.0,56.137147024796036
11.500117351650669,-9.906346362907847,85.62475790092553,1.0,1.0,56.137151981230026
11.476713206413695,-9.637475799973586,85.65543773007053,1.0,1.0,56.13715690012085
11.453261236243609,-9.368605237039326,85.68526292208732,1.0,1.0,56.13716178131637
11.429761146810474,-9.099734674105065,85.71423436902465,1.0,1.0,56.13716662501485
11.406212640728418,-8.830864111170804,85.74235293745427,1.0,1.0,56.137171431513636
11.382615417336892,-8.561993548236543,85.76961946501896,1.0,1.0,56.13717620070671
11.358969173101869,-8.293122985302276,85.79603476509851,1.0,1.0,56.13718093283663
11.335273601164182,-8.024252422368015,85.82159962384159,1.0,1.0,56.1371856281085
11.311528391561199,-7.755381859433754,85.84631480129038,1.0,1.0,56.13719028662586
11.287733231003775,-7.4865112964994935,85.87018103116587,1.0,1.0,56.13719490838286
11.26388780285762,-7.217640733565233,85.89319902121414,1.0,1.0,56.13719949367468
11.239991787317992,-6.948770170630972,85.9153694537607,1.0,1.0,56.13720404270964
11.216044860803429,-6.679899607696711,85.93669298484798,1.0,1.0,56.13720855546533
11.192046696736828,-6.411029044762451,85.95717024497941,1.0,1.0,56.137213032325306
11.167996964648168,-6.14215848182819,85.97680183922323,1.0,1.0,56.137217473292964
11.143895330722643,-5.873287918893929,85.99558834686482,1.0,1.0,56.137221878637625
11.119741457477616,-5.604417355959669,86.01353032225092,1.0,1.0,56.13722624847189
11.09553500360399,-5.335546793025408,86.03062829337362,1.0,1.0,56.13723058291912
11.071275624350168,-5.066676230091147,86.04688276422203,1.0,1.0,56.13723488233381
11.046962970939697,-4.7978056671568865,86.06229421270713,1.0,1.0,56.13723914676286
11.022596690842468,-4.528935104222626,86.07686309208223,1.0,1.0,56.13724337643193
10.99817642761273,-4.260064541288365,86.09058983063801,1.0,1.0,56.13724757160123
10.973701820897857,-3.9911939783541044,86.10347483120805,1.0,1.0,56.13725173247466
10.94917250614406,-3.7223234154198437,86.1155184715308,1.0,1.0,56.137255859154536
10.924588114964925,-3.453452852485583,86.12672110571633,1.0,1.0,56.13725995195463
10.899948274576651,-3.1845822895513223,86.13708306164628,1.0,1.0,56.13726401109808
10.87525260812233,-2.9157117266170616,86.1466046432965,1.0,1.0,56.13726803676866
10.850500734298226,-2.646841163682801,86.1552861297046,1.0,1.0,56.13727202925526
10.825692267759461,-2.37797060074854,86.16312777506386,1.0,1.0,56.13727598867231
10.80082681824418,-2.1091000378142795,86.17012980876869,1.0,1.0,56.1372799153905
10.775903991560972,-1.8402294748800188,86.17629243631637,1.0,1.0,56.13728380969624
10.750923388519633,-1.571358911945758,86.1816158382492,1.0,1.0,56.13728767169859
10.725884605285257,-1.3024883490114973,86.18610016957732,1.0,1.0,56.13729150173189
10.700787233760952,-1.0336177860772366,86.18974556304809,1.0,1.0,56.137295300130184
10.675630860497606,-0.7647472231429759,86.19255212459277,1.0,1.0,56.137299067029964
10.650415067413984,-0.49587666020871524,86.19451993640506,1.0,1.0,56.13730280284775
10.625139431441363,-0.22700609727445453,86.19564905738957,1.0,1.0,56.137306507784416
10.599803524589136,0.04186446565981328,86.19593951987551,1.0,1.0,56.13731018218361
10.574406913490401,0.310735028594074,86.19539133361359,1.0,1.0,56.13731382629648
10.548949159754502,0.5796055915283347,86.19400448319385,1.0,1.0,56.13731744056639
10.523429819539219,0.8484761544625954,86.19177892764638,1.0,1.0,56.13732102522581
10.49784844384862,1.117346717396856,86.18871460327028,1.0,1.0,56.13732458052477
10.472204577962305,1.3862172803311168,86.18481142085207,1.0,1.0,56.13732810686052
10.446497761657566,1.6550878432653775,86.18006926658688,1.0,1.0,56.13733160460635
10.420727529048138,1.9239584061996382,86.1744880037088,1.0,1.0,56.13733507416366
10.394893408657449,2.192828969133899,86.1680674691082,1.0,1.0,56.13733851580631
10.368994922576565,2.4616995320681596,86.16080747475125,1.0,1.0,56.13734192991449
10.343031587578013,2.7305700950024203,86.15270781049244,1.0,1.0,56.13734531688827
10.31700291398516,2.999440657936681,86.1437682395811,1.0,1.0,56.137348677104534
10.290908406033855,3.2683112208709417,86.13398849995703,1.0,1.0,56.13735201091248
10.264747561510298,3.5371817838052024,86.12336830774619,1.0,1.0,56.13735531884639
10.238519872036765,3.806052346739463,86.11190735259461,1.0,1.0,56.137358601214835
10.212224822526771,4.074922909673724,86.09960529852324,1.0,1.0,56.13736185855988
10.18586189129481,4.3437934726079845,86.08646178551142,1.0,1.0,56.13736509108842
10.159430549883279,4.612664035542245,86.07247642932259,1.0,1.0,56.13736829944746
10.132930263052494,4.881534598476506,86.05764881980159,1.0,1.0,56.13737148417043
10.106360488262936,5.150405161410767,86.04197852266668,1.0,1.0,56.13737464543748
10.079720676119557,5.419275724345027,86.02546507816066,1.0,1.0,56.13737778403082
10.053010269783512,5.688146287279288,86.00810800114819,1.0,1.0,56.13738090025948
10.026228705055617,5.957016850213549,85.98990678166665,1.0,1.0,56.13738399471029
9.999375410195146,6.2258874131478095,85.97086088452917,1.0,1.0,56.13738706783086
9.972449805721993,6.49475797608207,85.95096974837541,1.0,1.0,56.1373901202148
9.945451304262564,6.763628539016331,85.93023278789738,1.0,1.0,56.137393152468526
9.918379310682546,7.032499101950592,85.90864939133532,1.0,1.0,56.13739616514388
9.891233221453401,7.301369664884852,85.88621892089509,1.0,1.0,56.13739915865064
9.864012424805571,7.570240227819113,85.86294071466988,1.0,1.0,56.13740213374334
9.836716300552046,7.839110790753374,85.83881408212793,1.0,1.0,56.13740509096583
9.809344219821144,8.107981353687634,85.8138383106497,1.0,1.0,56.13740803094394
9.781895545018664,8.376851916621895,85.78801265856713,1.0,1.0,56.137410954324054
9.754369629664062,8.645722479556156,85.76133635879687,1.0,1.0,56.13741386177007
9.726765817715119,8.914593042490424,85.73380861902935,1.0,1.0,56.13741675395712
9.699083444248123,9.183463605424684,85.70542861986638,1.0,1.0,56.13741963151957
9.671321834839908,9.452334168358945,85.67619551509533,1.0,1.0,56.13742249521253
9.643480304773659,9.721204731293206,85.64610843180088,1.0,1.0,56.13742534573092
9.61555816017972,9.990075294227466,85.615166471871,1.0,1.0,56.13742818385924
9.587554696499891,10.258945857161727,85.58336870893774,1.0,1.0,56.13743101032118
9.559469199210843,10.527816420095988,85.55071418982325,1.0,1.0,56.137433825941955
9.531300943251486,10.796686983030249,85.51720193359333,1.0,1.0,56.137436631399815
9.50304919239107,11.06555754596451,85.48283093420383,1.0,1.0,56.137439427678935
9.474713200142851,11.33442810889877,85.44760015591162,1.0,1.0,56.13744221551637
9.44629220798581,11.60329867183303,85.41150853580731,1.0,1.0,56.137444995913626
9.417785446777716,11.872169234767291,85.37455498364262,1.0,1.0,56.13744776961323
9.389192135161446,12.141039797701552,85.33673838171435,1.0,1.0,56.13745053763634
9.360511479801438,12.409910360635813,85.29805758287519,1.0,1.0,56.13745330094459
9.331742675721513,12.678780923570073,85.25851141289382,1.0,1.0,56.13745606031172
9.302884904791457,12.947651486504334,85.21809866767519,1.0,1.0,56.13745881697709
9.273937336806435,13.216522049438595,85.17681811604648,1.0,1.0,56.13746157177483
9.244899128072248,13.485392612372856,85.13466849819936,1.0,1.0,56.13746432587614
9.215769422102845,13.754263175307116,85.0916485227743,1.0,1.0,56.13746708038631
9.186547348042422,14.023133738241377,85.047756871451,1.0,1.0,56.137469836308675
9.157232022024846,14.292004301175638,85.00299219576755,1.0,1.0,56.137472594955824
9.127822545542212,14.560874864109898,84.95735311584893,1.0,1.0,56.13747535718474
9.098318005500529,14.829745427044159,84.91083822613994,1.0,1.0,56.1374781244849
9.068717474138731,15.09861598997842,84.86344608758999,1.0,1.0,56.137480897998124
9.039020008510231,15.36748655291268,84.81517523054082,1.0,1.0,56.13748367907524
9.009224649845924,15.636357115846941,84.76602415646084,1.0,1.0,56.1374864688453
8.9793304238642,15.905227678781202,84.7159913351529,1.0,1.0,56.13748926887494
8.94933633998682,16.174098241715463,84.66507520755478,1.0,1.0,56.137492080410865
8.919241390440733,16.442968804649723,84.61327417885458,1.0,1.0,56.137494905072444
8.889044551080657,16.711839367583984,84.56058662550097,1.0,1.0,56.13749774421299
8.858744780029964,16.980709930518245,84.50701089145451,1.0,1.0,56.137500599198
8.828341017339145,17.249580493452513,84.45254529071349,1.0,1.0,56.13750347189993
8.797832185012723,17.518451056386766,84.39718809993163,1.0,1.0,56.137506363646686
8.767217186298561,17.787321619321034,84.34093756858168,1.0,1.0,56.13750927631975
8.736494905068545,18.056192182255288,84.28379190902794,1.0,1.0,56.137512211518235
8.705664205540755,18.325062745189555,84.22574930262394,1.0,1.0,56.13751517100043
8.674723931782582,18.59393330812381,84.16680789735581,1.0,1.0,56.13751815671946
8.643672907502918,18.862803871058077,84.10696580544345,1.0,1.0,56.13752117028251
8.612509934279313,19.13167443399233,84.04622110559251,1.0,1.0,56.137524213919285
8.581233793204028,19.400544996926598,83.98457184312295,1.0,1.0,56.137527289434175
8.54984324203557,19.66941555986085,83.92201602709032,1.0,1.0,56.1375303988691
8.518337016131253,19.93828612279512,83.85855163264632,1.0,1.0,56.1375335444781
8.486713827445072,20.207156685729373,83.79417659962131,1.0,1.0,56.137536728439585
8.454972363306492,20.47602724866364,83.72888882732087,1.0,1.0,56.137539952920974
8.42311128722736,20.744897811597895,83.66268618647396,1.0,1.0,56.137543220248006
8.391129236364844,21.013768374532162,83.59556650571308,1.0,1.0,56.137546532993184
8.35902482232431,21.282638937466416,83.52752757754146,1.0,1.0,56.13754989328796
8.326796630076105,21.551509500400684,83.45856715925588,1.0,1.0,56.13755330420558
8.294443216944737,21.82038006333495,83.38868296574975,1.0,1.0,56.1375567679374
8.261963111736167,22.089250626269205,83.31787268024544,1.0,1.0,56.137560287568434
8.229354814740852,22.358121189203473,83.24613394200124,1.0,1.0,56.13756386559231
8.196616796053528,22.626991752137727,83.17346435407508,1.0,1.0,56.137567505368274
8.163819046913247,22.895862315071994,83.09989555528215,1.0,1.0,56.1371336472591
8.130817932832654,23.164732878006248,83.02534734400714,1.0,1.0,56.137131934542225
8.09768234474968,23.433603440940516,82.94986055655973,1.0,1.0,56.137130085555725
8.064410608069428,23.70247400387477,82.8734327047579,1.0,1.0,56.13712818534158
8.031001030648309,23.971344566809037,82.79606118251372,1.0,1.0,56.13712623392962
7.99745188498003,24.24021512974329,82.71774334181798,1.0,1.0,56.1371242314058
7.963761407177345,24.50908569267756,82.63847649215647,1.0,1.0,56.137122177819876
7.929927795892004,24.777956255611812,82.5582578999856,1.0,1.0,56.13712007323681
7.895949211156895,25.04682681854608,82.47708478833495,1.0,1.0,56.13711791775794
7.861823773271914,25.315697381480334,82.39495433607978,1.0,1.0,56.137115711436834
7.827549561546451,25.5845679444146,82.31186367755582,1.0,1.0,56.137113454365284
7.793124613051753,25.853438507348855,82.22780990195508,1.0,1.0,56.13711114663547
7.758546921323619,26.122309070283123,82.14279005270059,1.0,1.0,56.1371087883373
7.723814434969995,26.391179633217376,82.05680112696159,1.0,1.0,56.13710637956691
7.68892505628027,26.660050196151644,81.96984007498413,1.0,1.0,56.13710392042128
7.653876639717843,26.928920759085898,81.88190379952775,1.0,1.0,56.137101411031814
7.618666990408531,27.197791322020166,81.79298915519,1.0,1.0,56.13709885147983
7.583293862521577,27.46666188495442,81.70309294781742,1.0,1.0,56.13709624189204
7.547754957583605,27.735532447888687,81.61221193389572,1.0,1.0,56.1370935824223
7.512047922771389,28.00440301082294,81.52034281977632,1.0,1.0,56.13709087318562
7.476170349066781,28.27327357375721,81.42748226108857,1.0,1.0,56.13708811431699
7.440119769361992,28.542144136691462,81.33362686201771,1.0,1.0,56.13708530599294
7.4038936564974875,28.81101469962573,81.23877317456143,1.0,1.0,56.137082448339974
7.367489421174873,29.079885262559984,81.14291769788642,1.0,1.0,56.13707954154371
7.330904409800918,29.34875582549425,81.04605687754393,1.0,1.0,56.137076585800415
7.294135902246945,29.617626388428505,80.94818710462783,1.0,1.0,56.13707358125723
7.257181109464473,29.886496951362773,80.84930471518213,1.0,1.0,56.13707052816137
7.220037171040463,30.155367514297026,80.74940598919808,1.0,1.0,56.13706742666572
7.18270115258359,30.424238077231294,80.64848715003423,1.0,1.0,56.13706427704754
7.145170043046433,30.693108640165562,80.54654436338869,1.0,1.0,56.13706107953245
7.107440751889778,30.961979203099816,80.44357373650118,1.0,1.0,56.137057834347864
7.069510106086516,31.230849766034083,80.33957131739474,1.0,1.0,56.1370545417877
7.031374847044233,31.499720328968337,80.23453309380376,1.0,1.0,56.13705120209932
6.99303162729486,31.768590891902605,80.12845499251014,1.0,1.0,56.13704781563699
6.954477007113917,32.03746145483686,80.0213328781326,1.0,1.0,56.137044382697255
6.915707450880293,32.306332017771126,79.91316255239653,1.0,1.0,56.13704090361686
6.876719323316523,32.57520258070538,79.80393975306565,1.0,1.0,56.13703737875562
6.837508885498429,32.84407314363965,79.69366015289025,1.0,1.0,56.137033808487594
6.798072290660529,33.1129437065739,79.58231935885001,1.0,1.0,56.13703019326996
6.758405579829932,33.38181426950817,79.46991291068902,1.0,1.0,56.13702653349158
6.718504677134407,33.65068483244242,79.35643628030991,1.0,1.0,56.13702282965971
6.678365384966664,33.91955539537669,79.24188487024989,1.0,1.0,56.13701908222232
6.637983378792711,34.188425958310944,79.1262540129274,1.0,1.0,56.13701529175425
6.597354201724049,34.45729652124521,79.00953896930179,1.0,1.0,56.1370114588198
6.55647325879482,34.726167084179465,78.89173492768225,1.0,1.0,56.13700758400544
6.515335810869016,34.99503764711373,78.77283700265586,1.0,1.0,56.13700366797627
6.473936968247313,35.26390821004799,78.65284023375688,1.0,1.0,56.13699971141611
6.4322716838741965,35.532778772982255,78.53173958426036,1.0,1.0,56.13699571509197
6.390334746159919,35.80164933591651,78.40952993989531,1.0,1.0,56.13699167979052
6.34812077137762,36.070519898850776,78.28620610742243,1.0,1.0,56.136987606358325
6.305624195584602,36.33939046178503,78.16176281343621,1.0,1.0,56.13698349571187
6.262839266058975,36.6082610247193,78.03619470297663,1.0,1.0,56.13697934888446
6.219760032244772,36.87713158765355,77.90949633783077,1.0,1.0,56.13697516686965
6.1763803360408245,37.14600215058782,77.78166219549504,1.0,1.0,56.1369709508507
6.132693801556907,37.41487271352207,77.65268666750346,1.0,1.0,56.13696670211747
6.088693824186653,37.68374327645634,77.52256405759404,1.0,1.0,56.136962421891646
6.044373558917927,37.952613839390594,77.39128858068847,1.0,1.0,56.136958111650145
5.999725907919715,38.22148440232486,77.25885436098773,1.0,1.0,56.136953772956495
5.954743507279055,38.490354965259115,77.12525543032386,1.0,1.0,56.136949407504055
5.909418712815702,38.75922552819338,76.99048572654823,1.0,1.0,56.136945017089396
5.863743584927498,39.02809609112765,76.85453909164875,1.0,1.0,56.13694060364413
5.817709872327611,39.296966654061904,76.7174092703023,1.0,1.0,56.13693616936826
5.771308994686691,39.56583721699617,76.5790899077099,1.0,1.0,56.13693171655472
5.724532023928443,39.834707779930426,76.43957454787596,1.0,1.0,56.13692724767402
5.677369664189932,40.103578342864694,76.29885663168054,1.0,1.0,56.13692276548124
5.6298122302336475,40.37244890579895,76.15692949518852,1.0,1.0,56.136918273043186
5.581849624266172,40.641319468733215,76.01378636703899,1.0,1.0,56.13691377354967
5.5334713108722084,40.91019003166747,75.86942036695135,1.0,1.0,56.13690927059967
5.484666290022749,41.17906059460174,75.72382450321906,1.0,1.0,56.13690476805015
5.435423067836834,41.44793115753599,75.57699167097898,1.0,1.0,56.1369002702517
5.385729625026909,41.71680172047026,75.4289146494321,1.0,1.0,56.13689578182396
5.335573382601732,41.98567228340451,75.27958610003601,1.0,1.0,56.13689130797815
5.2849411647168445,42.25454284633878,75.12899856396989,1.0,1.0,56.13688685441111
5.233819158238558,42.52341340927303,74.97714445947092,1.0,1.0,56.13688242725297
5.182192868762314,42.7922839722073,74.82401608010592,1.0,1.0,56.13687803355467
5.130047072603353,43.061154535141554,74.66960559159403,1.0,1.0,56.13687368098238
5.077365764403091,43.33002509807582,74.51390502914465,1.0,1.0,56.13686937787214
5.024132099731425,43.598895661010076,74.35690629554041,1.0,1.0,56.13686513375307
4.9703283322090765,43.86776622394434,74.1986011579686,1.0,1.0,56.13686095924589
4.915935744411956,44.1366367868786,74.03898124463423,1.0,1.0,56.13685686574097
4.860934571836068,44.405507349812865,73.87803804320828,1.0,1.0,56.1368528664551
4.8053039189860645,44.67437791274712,73.71576289738826,1.0,1.0,56.136848976185256
4.749021666702329,44.943248475681386,73.5521470029006,1.0,1.0,56.13684521104787
4.692064369401469,45.21211903861564,73.3871814067074,1.0,1.0,56.13684158985721
4.634407141017991,45.48098960154991,73.22085700132679,1.0,1.0,56.13683813318549
4.576023527980186,45.74986016448416,73.05316452436037,1.0,1.0,56.13683486500532
4.516885367412027,46.01873072741843,72.88409455285813,1.0,1.0,56.136831811806054
4.456962628482243,46.28760129035268,72.71363750166387,1.0,1.0,56.13682900408489
4.3962232341704786,46.55647185328695,72.54178362078655,1.0,1.0,56.13682647700728
4.334632860692819,46.825342416221204,72.36852298961294,1.0,1.0,56.13682427009175
4.272154710870167,47.09421297915547,72.19384551656479,1.0,1.0,56.13682242934957
4.208749257232914,47.36308354208974,72.01774093427335,1.0,1.0,56.13682100760645
4.144373949793366,47.63195410502399,71.84019879691999,1.0,1.0,56.13682006593994
4.078982882351989,47.90082466795826,71.66120847850993,1.0,1.0,56.136819675994005
4.012526409859282,48.169695230892515,71.48075916687264,1.0,1.0,56.13681992019265
3.9449507080141144,48.43856579382678,71.2988398661858,1.0,1.0,56.13682089667658
3.876197263493331,48.707436356761036,71.11543939070032,1.0,1.0,56.13682272024871
3.806202281771436,48.976306919695304,70.9305463645105,1.0,1.0,56.13682552657867
3.7348959951882,49.24517748262956,70.74414922408216,1.0,1.0,56.136829478923936
3.6622018495945707,49.514048045563825,70.55623621346645,1.0,1.0,56.13683477142962
3.5880355434184064,49.78291860849808,70.36679539004363,1.0,1.0,56.13684163875712
3.5123038844351786,50.05178917143235,70.17581462891962,1.0,1.0,56.13685036673546
3.434903419960679,50.3206597343666,69.98328162646877,1.0,1.0,56.13686130408921
3.3557187840056875,50.58953029730087,69.78918391780347,1.0,1.0,56.136874882857114
3.2746206850650763,50.85840086023512,69.59350888322294,1.0,1.0,56.13689163803041
3.1914634365519885,51.12727142316939,69.39624378446955,1.0,1.0,56.13691224441701
3.1060818937001664,51.39614198610364,69.19737579246096,1.0,1.0,56.136937557284114
3.0182876155803444,51.66501254903791,68.99689204789331,1.0,1.0,56.1369686772785
2.927863995525114,51.933883111972165,68.79477973149598,1.0,1.0,56.13700703384064
2.834560005682686,52.20275367490643,68.59102619027358,1.0,1.0,56.13705451545434
2.7380820348768093,52.471624237840686,68.3856191002025,1.0,1.0,56.13711364945375
2.6380830693611275,52.740494800774954,68.17854674864397,1.0,1.0,56.137187886431725
2.53396256005072,53.00936536370921,67.9692323823123,1.0,1.0,56.136616392873144
2.425538333590849,53.278235926643475,67.75867579575738,1.0,1.0,56.136616847080006
2.3120360223794454,53.54710648957773,67.54638938314731,1.0,1.0,56.136620397039266
2.192668005734653,53.815977052512,67.33235709180705,1.0,1.0,56.136629565383856
2.0664193563496,54.08484761544625,67.1165608662348,1.0,1.0,56.136648066795274
1.9319443356953028,54.35371817838052,66.8989814480191,1.0,1.0,56.13668283083512
1.7873930756936967,54.62258874131477,66.67959768917368,1.0,1.0,56.13674768320902
1.6301015059120458,54.89145930424904,66.45838520193291,1.0,1.0,56.13687264247861
1.4559858628242948,55.16032986718329,66.23531358653631,1.0,1.0,56.137130437899785
1.2574390644998454,55.42920043011756,66.01012633142082,1.0,1.0,56.13654852654657
1.0214662857746453,55.698070993051815,65.78231085282424,1.0,1.0,56.136757699345615
0.7088182019131481,55.96694155598608,65.54906072597005,1.0,1.0,56.135957070157744
